<?xml version="1.0" encoding="UTF-8"?>
<!DOCTYPE suite SYSTEM "https://testng.org/testng-1.0.dtd">
<suite name="Suite">
 
  <test thread-count="5" name="Test">
  
  <parameter name="browser" value="chrome"/>
  
   
    <classes>
   <!--   <class name="com.inmar.regressionTestCases.tc1_ProductPurchaseThroughBankWire"/>
      <class name="com.inmar.regressionTestCases.tc2_ProductPurchaseThroughPayByCheck"/>   
       <class name="com.inmar.regressionTestCases.tc3_VerifyErrorMessages"/>  --> 
        <class name="com.inmar.regressionTestCases.tc4_SearchProduct"/>
    </classes>
  </test> 
</suite> 
